{"அ": 0, "ஆ": 1, "இ": 2, "உ": 3, "எ": 4, "ஒ": 5, "க": 6, "திருக்குடந்தை நாட்டு திருப்பெருந்துறையில் உள்ள தேவர் திருக்கோயிலுக்குப் பக்கத்தில் உள்ள நிலம், திருவிளக்கு எரிய நிதியாக வழங்கப்பட்டது. மணல் நிலம் மற்றும் நன்செய் நிலம் ஆகியவை இதில் சேர்க்கப்பட்டு, ஆண்டாண்டு வருமானத்தின் அடிப்படையில் அளிக்கப்பட்டது.": 7, "திருநொச்சியூர் நாட்டு கீரமங்கல நாட்டு தேவர் திருக்கோயில் உத்திரமேரூரில் பொற்கோயிலில் பெருமாள் திருவாய்முடை ஆண்ட ஆண்டில், திருவழுந்தூர் நாட்டில் நியமிக்கப்பட்டவர், திருவிளக்குக்கு நிலம் கொடுத்தார்": 8, "திருவத்திபுரம் மகாவிஷ்ணு தென்கரை பலகை": 9, "பயத்திரு ஆயிரத்துப் புழநூற்று புழமதி ஆண்டில், மதுமருகேறி பகுதியில் ஸ்ரீ ரவி என்ற அரசரின் கஜசிம்ம விதியான ஆட்சியில், தனமும் நிதியும் மனைக்கும் கீர்த்திக்கும் நன்கொடை வழங்கப்பட்டது. பிழைக்கும் உடலும் உழைக்கும் உறுதியும் பாராட்டப்பட்டன. புரிகிழுவி நதிக்கரையில், நதவிநதவிநதவிநத என்ற இடங்களில், மரியாதையுடன் பல்வேறு பூஜைகள் மற்றும் நிகழ்வுகள் நடைபெற்றன": 10, "பருவளநாட்டில் ஒரு நபர் திருக்கோயிலில் நாள் தோறும் விளக்கு எரிய வெண்பொனும் நிலமும் அளித்தார்": 11, "முமுடி சூடிக் கொண்ட சிவபங்கரமணின் பக்தனான ராஜராஜ சோழன் இந்த பெரு கோயிலின் கட்டுமானத்திற்கும், அதற்கு நிலம், தங்கம் மற்றும் பிற பொருட்களை அர்ப்பணித்தும், தினசரி பூஜைகள் மற்றும் திருவிழாக்கள் முறையாக நடைபெறச் செய்யும்படியும், அதிகாரிகள் மற்றும் வேத முறைகளில் பணியாற்றும் பூஜாரிகளுக்கு சம்பளம் வழங்குவதையும் உறுதி செய்தான். இதனால் மக்களின் நலன் வளர்ந்து, சமூக நலனும் நீடிக்கட்டும் என வேண்டுகின்றான்.": 12, "விஜயாலயன் ஒருத்தலை ஊரினை எரிந்தலைச் செய்ததாக உடையார்குடிக் கல்வெட்டு கூறுகிறது. விஜயாலயன் வலிமையான சோழ மன்னனாக இருந்தான். அவன் பல்லவர்களிடம் படைத்தலைவனாக இருந்த காலத்தில் சோழர்கள் சிற்றரசர்களாக இருந்தனர். விஜயாலயன் தஞ்சையைத் தலைநகரமாகக் கொண்டு சோழ அரசை நிறுவினார்": 13, "ஸ்ரீ ராஜராஜ தேவர்க்கு யாண்டு இருபத்து ஒன்பதாவது உடையார் ஸ்ரீ ராஜராஜீஸ்வரத்து மஹாதேவர்க்கு திருவிடை ஆட்டமாக குடுத்த நிலமாவது குலோத்துங்க சோழ வளநாட்டு மிழலை நாட்டு திருவாலங்காட்டு நக்கன் பரவையார் குடுத்த நிலம்": 14}